<?xml version="1.0" encoding="UTF-8"?>
<Configuration>
    <Appenders>        <!-- Console Appender -->
        <Console name="Console" target="SYSTEM_OUT">
            <PatternLayout pattern="%d{yyyy-MMM-dd HH:mm:ss a} [%t] %-5level %logger{36} - %msg%n"/>
        </Console>
        <File name="FILE" fileName="logfile.log" append="true">
            <PatternLayout pattern="%-5p | %d{yyyy-MM-dd HH:mm:ss} | [%t] %C{2} (%F:%L) - %m%n"/>
        </File>
    </Appenders>
    <Loggers>        <!-- Log everything in hibernate -->
         <Logger name="org.hibernate" level="info" additivity="false">
         <AppenderRef ref="Console" />        </Logger>
          <!-- Log all SQL statements -->
           <Logger name="org.hibernate.SQL" level="debug" additivity="false">
                  <AppenderRef ref="Console" />
                    </Logger>
        <Root level="info">
            <AppenderRef ref="Console"/>
            <AppenderRef ref="FILE"/>
        </Root>        <!-- <Logger name="com.demo" level="info"/>-->
    </Loggers>
</Configuration>